{
  "task": "anomaly_detection",
  "variables": {
    "u10": {
      "mean": -0.7383596581253553,
      "std": 6.015596746439769
    },
    "v10": {
      "mean": -1.5438607806216396,
      "std": 4.652880921703842
    },
    "wind_speed": {
      "mean": 6.602290440344493,
      "std": 4.14429090830851
    },
    "swh": {
      "mean": 2.5559296308244495,
      "std": 1.3050603858294383
    },
    "mwp": {
      "mean": 8.055595220726394,
      "std": 1.7077181316809056
    },
    "mwd": {
      "mean": 134.13465714661976,
      "std": 118.01846703853899
    }
  }
}