{
  "task": "element_forecasting",
  "variables": {
    "sst": {
      "mean": 15.677957688556775,
      "std": 7.761359927733071
    },
    "sss": {
      "mean": 31.84179851029747,
      "std": 2.1166052650575757
    },
    "ssu": {
      "mean": 0.006302024230368306,
      "std": 0.3748564867295923
    },
    "ssv": {
      "mean": -0.00731646276837105,
      "std": 0.10284520860707669
    }
  }
}