{
  "task": "element_forecasting",
  "mode": "single_file",
  "checkpoint": "/OceanRace/outputs/element_forecasting/checkpoints/hybrid_best.pt",
  "dataset": {
    "data_file": "/OceanRace/data/processed/element_forecasting/path.txt",
    "split": "test",
    "total_windows": 47758,
    "selected_windows": 2134,
    "single_file_train_ratio": 0.7,
    "single_file_val_ratio": 0.15
  },
  "model": {
    "var_names": [
      "sst",
      "sss",
      "ssu",
      "ssv"
    ],
    "input_steps": 24,
    "single_shot_output_steps": 24,
    "eval_output_steps": 72,
    "rolling_iterations_estimate": 3,
    "time_step_hours": 1.0,
    "horizon_hours": 72.0
  },
  "competition_thresholds": {
    "horizon_hours_min": 72.0,
    "nrmse_percent_max": 15.0
  },
  "metrics": {
    "mse": 0.17840950370121872,
    "rmse": 0.4223854918214151,
    "mae": 0.21229997145314525,
    "bias": 0.08475999917913886,
    "nse": 0.9990466585912372,
    "nrmse_percent": 1.14396296168373
  },
  "segmented_metrics": {
    "first_24h": {
      "mse": 0.08802269423006463,
      "rmse": 0.2966861881349798,
      "mae": 0.14857478648344702,
      "bias": 0.042885489560797366,
      "nrmse_percent": 0.8035266765579285
    },
    "last_24h": {
      "mse": 0.2657104955828149,
      "rmse": 0.5154711394276259,
      "mae": 0.2677452427472461,
      "bias": 0.12376160697794841,
      "nrmse_percent": 1.396070420835929
    },
    "delta_last_minus_first": {
      "rmse": 0.21878495129264608,
      "mae": 0.11917045626379907,
      "bias": 0.08087611741715105,
      "nrmse_percent": 0.5925437442780004
    }
  },
  "per_variable_summary": {
    "rows": [
      {
        "var": "sst",
        "bias": 0.26935833779318236,
        "mae": 0.5846518003119797,
        "rmse": 0.7929186658949995,
        "nrmse_percent": 2.3710972190775093,
        "rmse_first_24h": 0.5674474261322918,
        "rmse_last_24h": 0.9602991306982426,
        "rmse_growth_last_vs_first": 1.6923138364440538
      },
      {
        "var": "sss",
        "bias": 0.05158992962164847,
        "mae": 0.15541588995094305,
        "rmse": 0.26925639108332283,
        "nrmse_percent": 0.8042784970672092,
        "rmse_first_24h": 0.15215089362804526,
        "rmse_last_24h": 0.3527190222436304,
        "rmse_growth_last_vs_first": 2.3182185384063714
      },
      {
        "var": "ssu",
        "bias": 0.014558730947504431,
        "mae": 0.05285590794047821,
        "rmse": 0.07543157351768451,
        "nrmse_percent": 2.768130992948307,
        "rmse_first_24h": 0.058760755190098046,
        "rmse_last_24h": 0.08515356594901881,
        "rmse_growth_last_vs_first": 1.4491571061933577
      },
      {
        "var": "ssv",
        "bias": 0.003531714767949726,
        "mae": 0.05627361202392235,
        "rmse": 0.08201314356997912,
        "nrmse_percent": 2.822200264772087,
        "rmse_first_24h": 0.05907654766919052,
        "rmse_last_24h": 0.09487547360168203,
        "rmse_growth_last_vs_first": 1.605975253207988
      }
    ],
    "worst_nrmse_var": {
      "var": "ssv",
      "bias": 0.003531714767949726,
      "mae": 0.05627361202392235,
      "rmse": 0.08201314356997912,
      "nrmse_percent": 2.822200264772087,
      "rmse_first_24h": 0.05907654766919052,
      "rmse_last_24h": 0.09487547360168203,
      "rmse_growth_last_vs_first": 1.605975253207988
    }
  },
  "pass": {
    "horizon": true,
    "nrmse_percent": true,
    "overall": true
  },
  "artifacts": {
    "per_horizon_csv": "/OceanRace/outputs/final_results/element_forecasting/competition_single_file/per_horizon_metrics.csv",
    "segment_bias_csv": "/OceanRace/outputs/final_results/element_forecasting/competition_single_file/segment_bias_metrics.csv",
    "per_variable_csv": "/OceanRace/outputs/final_results/element_forecasting/competition_single_file/per_variable_summary.csv",
    "figures": [
      "/OceanRace/outputs/final_results/element_forecasting/competition_single_file/figures/horizon_metrics.png",
      "/OceanRace/outputs/final_results/element_forecasting/competition_single_file/figures/competition_threshold_comparison.png",
      "/OceanRace/outputs/final_results/element_forecasting/competition_single_file/figures/sample_01_timeseries_spatial_mean.png",
      "/OceanRace/outputs/final_results/element_forecasting/competition_single_file/figures/sample_01_last_horizon_map_sst.png",
      "/OceanRace/outputs/final_results/element_forecasting/competition_single_file/figures/sample_01_last_horizon_map_sss.png",
      "/OceanRace/outputs/final_results/element_forecasting/competition_single_file/figures/sample_01_last_horizon_map_ssu.png",
      "/OceanRace/outputs/final_results/element_forecasting/competition_single_file/figures/sample_01_last_horizon_map_ssv.png",
      "/OceanRace/outputs/final_results/element_forecasting/competition_single_file/figures/sample_02_timeseries_spatial_mean.png",
      "/OceanRace/outputs/final_results/element_forecasting/competition_single_file/figures/sample_02_last_horizon_map_sst.png",
      "/OceanRace/outputs/final_results/element_forecasting/competition_single_file/figures/sample_02_last_horizon_map_sss.png",
      "/OceanRace/outputs/final_results/element_forecasting/competition_single_file/figures/sample_02_last_horizon_map_ssu.png",
      "/OceanRace/outputs/final_results/element_forecasting/competition_single_file/figures/sample_02_last_horizon_map_ssv.png",
      "/OceanRace/outputs/final_results/element_forecasting/competition_single_file/figures/sample_03_timeseries_spatial_mean.png",
      "/OceanRace/outputs/final_results/element_forecasting/competition_single_file/figures/sample_03_last_horizon_map_sst.png",
      "/OceanRace/outputs/final_results/element_forecasting/competition_single_file/figures/sample_03_last_horizon_map_sss.png",
      "/OceanRace/outputs/final_results/element_forecasting/competition_single_file/figures/sample_03_last_horizon_map_ssu.png",
      "/OceanRace/outputs/final_results/element_forecasting/competition_single_file/figures/sample_03_last_horizon_map_ssv.png",
      "/OceanRace/outputs/final_results/element_forecasting/competition_single_file/figures/sample_04_timeseries_spatial_mean.png",
      "/OceanRace/outputs/final_results/element_forecasting/competition_single_file/figures/sample_04_last_horizon_map_sst.png",
      "/OceanRace/outputs/final_results/element_forecasting/competition_single_file/figures/sample_04_last_horizon_map_sss.png",
      "/OceanRace/outputs/final_results/element_forecasting/competition_single_file/figures/sample_04_last_horizon_map_ssu.png",
      "/OceanRace/outputs/final_results/element_forecasting/competition_single_file/figures/sample_04_last_horizon_map_ssv.png"
    ]
  },
  "sample_selection": {
    "strategy": "mixed",
    "plot_samples": 4,
    "hard_sample_ratio": 0.5,
    "selected_count": 4
  },
  "notes": [
    "evaluation is single-file only and uses rolling autoregressive forecasting",
    "nrmse_percent = RMSE / (target_max - target_min) * 100 on valid mask",
    "if time_step_hours is not 1, pass --time-step-hours explicitly"
  ]
}